{
  "feature_names": [
    "market_SH",
    "market_SZ",
    "market_BJ",
    "time_early_0935_1000",
    "time_morning_1000_1030",
    "time_late_morning_1030_1130",
    "time_midday_1130_1330",
    "time_afternoon_1330_1430",
    "time_late_1430_1500",
    "trigger_ret_pct",
    "entry_vs_vwap_pct",
    "prev_day_ret_pct",
    "open_ret_pct",
    "pre_trigger_max_ret_pct",
    "pre_trigger_min_ret_pct",
    "max_ret_5m_pct",
    "min_ret_5m_pct",
    "close_ret_5m_pct",
    "above_vwap_5m_ratio",
    "max_ret_10m_pct",
    "min_ret_10m_pct",
    "close_ret_10m_pct",
    "above_vwap_10m_ratio"
  ],
  "weights": [
    -0.006734036555580448,
    0.006734036555580448,
    0.0,
    0.17871287018625076,
    0.08308095635393661,
    0.008971268844471483,
    -0.11364040866065674,
    -0.19584281565924944,
    -0.20048867969436526,
    0.06795399289181898,
    0.15710860252215328,
    -0.03671915528183887,
    -0.013492847252539285,
    0.08674997315841755,
    -0.17832036778498736,
    0.15552472459863817,
    -0.31675886270418036,
    -0.197635982239823,
    0.06661748629562415,
    -0.0011203809122184256,
    -0.6655926265136876,
    -0.7276511882606649,
    -0.24375139097031548
  ],
  "bias": -0.915599371794742,
  "mean": [
    0.43397027113823006,
    0.5660297288617699,
    0.0,
    0.4796875716841767,
    0.154172592558609,
    0.15644354727714824,
    0.08693856952791669,
    0.09445107124833693,
    0.02830664770381245,
    3.52057823260135,
    1.742080379738368,
    -0.6237239315949438,
    0.44312143680855387,
    3.344911558073828,
    -0.4559609937880013,
    0.7235630910632803,
    -0.8420116437819208,
    0.02823186648119364,
    0.9490549158141433,
    0.9745432231273622,
    -0.9777013609047923,
    0.01744562446236613,
    0.9216841767215781
  ],
  "std": [
    0.49562089837579726,
    0.49562089837579726,
    1.0,
    0.4995872348807989,
    0.36111411529098136,
    0.3632753278056438,
    0.2817450170924394,
    0.2924552382645867,
    0.16584746425441851,
    0.9403132317553958,
    1.0506757100947397,
    2.6309544809149163,
    1.2789473747780282,
    1.2719570884026261,
    1.5047830254210088,
    0.9034012564582076,
    0.6498105545311919,
    0.9911699968424766,
    0.17312136384235746,
    1.1994066502593042,
    0.7563229426565641,
    1.3102518793369828,
    0.20305970035466994
  ],
  "train_rows": 87188,
  "label_rate": 0.31365554892875164,
  "loss": 0.42946147389902234,
  "accuracy": 0.7993301830527136
}